result_png,source_bmp,target_female_bmp
female_FTPBruteforce1.png,resources/images/status/FTPBruteforce/FTPBruteforce1.bmp,resources/images/status/FTPBruteforce/female_FTPBruteforce1.bmp
female_IDLE1.png,resources/images/status/IDLE/IDLE1.bmp,resources/images/status/IDLE/female_IDLE1.bmp
female_IDLE10.png,resources/images/status/IDLE/IDLE10.bmp,resources/images/status/IDLE/female_IDLE10.bmp
female_IDLE11.png,resources/images/status/IDLE/IDLE11.bmp,resources/images/status/IDLE/female_IDLE11.bmp
female_IDLE2.png,resources/images/status/IDLE/IDLE2.bmp,resources/images/status/IDLE/female_IDLE2.bmp
female_IDLE3.png,resources/images/status/IDLE/IDLE3.bmp,resources/images/status/IDLE/female_IDLE3.bmp
female_IDLE4.png,resources/images/status/IDLE/IDLE4.bmp,resources/images/status/IDLE/female_IDLE4.bmp
female_IDLE5.png,resources/images/status/IDLE/IDLE5.bmp,resources/images/status/IDLE/female_IDLE5.bmp
female_IDLE6.png,resources/images/status/IDLE/IDLE6.bmp,resources/images/status/IDLE/female_IDLE6.bmp
female_IDLE7.png,resources/images/status/IDLE/IDLE7.bmp,resources/images/status/IDLE/female_IDLE7.bmp
female_IDLE8.png,resources/images/status/IDLE/IDLE8.bmp,resources/images/status/IDLE/female_IDLE8.bmp
female_IDLE9.png,resources/images/status/IDLE/IDLE9.bmp,resources/images/status/IDLE/female_IDLE9.bmp
female_LogStandalone1.png,resources/images/status/LogStandalone/LogStandalone1.bmp,resources/images/status/LogStandalone/female_LogStandalone1.bmp
female_LogStandalone22.png,resources/images/status/LogStandalone2/LogStandalone22.bmp,resources/images/status/LogStandalone2/female_LogStandalone22.bmp
female_NetworkScanner1.png,resources/images/status/NetworkScanner/NetworkScanner1.bmp,resources/images/status/NetworkScanner/female_NetworkScanner1.bmp
female_NetworkScanner2.png,resources/images/status/NetworkScanner/NetworkScanner2.bmp,resources/images/status/NetworkScanner/female_NetworkScanner2.bmp
female_NetworkScanner3.png,resources/images/status/NetworkScanner/NetworkScanner3.bmp,resources/images/status/NetworkScanner/female_NetworkScanner3.bmp
female_NetworkScanner4.png,resources/images/status/NetworkScanner/NetworkScanner4.bmp,resources/images/status/NetworkScanner/female_NetworkScanner4.bmp
female_NetworkScanner5.png,resources/images/status/NetworkScanner/NetworkScanner5.bmp,resources/images/status/NetworkScanner/female_NetworkScanner5.bmp
female_NetworkScanner6.png,resources/images/status/NetworkScanner/NetworkScanner6.bmp,resources/images/status/NetworkScanner/female_NetworkScanner6.bmp
female_NetworkScanner7.png,resources/images/status/NetworkScanner/NetworkScanner7.bmp,resources/images/status/NetworkScanner/female_NetworkScanner7.bmp
female_NetworkScanner8.png,resources/images/status/NetworkScanner/NetworkScanner8.bmp,resources/images/status/NetworkScanner/female_NetworkScanner8.bmp
female_NmapVulnScanner1.png,resources/images/status/NmapVulnScanner/NmapVulnScanner1.bmp,resources/images/status/NmapVulnScanner/female_NmapVulnScanner1.bmp
female_NmapVulnScanner2.png,resources/images/status/NmapVulnScanner/NmapVulnScanner2.bmp,resources/images/status/NmapVulnScanner/female_NmapVulnScanner2.bmp
female_NmapVulnScanner3.png,resources/images/status/NmapVulnScanner/NmapVulnScanner3.bmp,resources/images/status/NmapVulnScanner/female_NmapVulnScanner3.bmp
female_NmapVulnScanner4.png,resources/images/status/NmapVulnScanner/NmapVulnScanner4.bmp,resources/images/status/NmapVulnScanner/female_NmapVulnScanner4.bmp
female_NmapVulnScanner5.png,resources/images/status/NmapVulnScanner/NmapVulnScanner5.bmp,resources/images/status/NmapVulnScanner/female_NmapVulnScanner5.bmp
female_NmapVulnScanner6.png,resources/images/status/NmapVulnScanner/NmapVulnScanner6.bmp,resources/images/status/NmapVulnScanner/female_NmapVulnScanner6.bmp
female_NmapVulnScanner7.png,resources/images/status/NmapVulnScanner/NmapVulnScanner7.bmp,resources/images/status/NmapVulnScanner/female_NmapVulnScanner7.bmp
female_NmapVulnScanner8.png,resources/images/status/NmapVulnScanner/NmapVulnScanner8.bmp,resources/images/status/NmapVulnScanner/female_NmapVulnScanner8.bmp
female_RDPBruteforce1.png,resources/images/status/RDPBruteforce/RDPBruteforce1.bmp,resources/images/status/RDPBruteforce/female_RDPBruteforce1.bmp
female_SMBBruteforce1.png,resources/images/status/SMBBruteforce/SMBBruteforce1.bmp,resources/images/status/SMBBruteforce/female_SMBBruteforce1.bmp
female_SMBBruteforce10.png,resources/images/status/SMBBruteforce/SMBBruteforce10.bmp,resources/images/status/SMBBruteforce/female_SMBBruteforce10.bmp
female_SMBBruteforce11.png,resources/images/status/SMBBruteforce/SMBBruteforce11.bmp,resources/images/status/SMBBruteforce/female_SMBBruteforce11.bmp
female_SMBBruteforce12.png,resources/images/status/SMBBruteforce/SMBBruteforce12.bmp,resources/images/status/SMBBruteforce/female_SMBBruteforce12.bmp
female_SMBBruteforce13.png,resources/images/status/SMBBruteforce/SMBBruteforce13.bmp,resources/images/status/SMBBruteforce/female_SMBBruteforce13.bmp
female_SMBBruteforce2.png,resources/images/status/SMBBruteforce/SMBBruteforce2.bmp,resources/images/status/SMBBruteforce/female_SMBBruteforce2.bmp
female_SMBBruteforce3.png,resources/images/status/SMBBruteforce/SMBBruteforce3.bmp,resources/images/status/SMBBruteforce/female_SMBBruteforce3.bmp
female_SMBBruteforce4.png,resources/images/status/SMBBruteforce/SMBBruteforce4.bmp,resources/images/status/SMBBruteforce/female_SMBBruteforce4.bmp
female_SMBBruteforce5.png,resources/images/status/SMBBruteforce/SMBBruteforce5.bmp,resources/images/status/SMBBruteforce/female_SMBBruteforce5.bmp
female_SMBBruteforce6.png,resources/images/status/SMBBruteforce/SMBBruteforce6.bmp,resources/images/status/SMBBruteforce/female_SMBBruteforce6.bmp
female_SMBBruteforce7.png,resources/images/status/SMBBruteforce/SMBBruteforce7.bmp,resources/images/status/SMBBruteforce/female_SMBBruteforce7.bmp
female_SMBBruteforce8.png,resources/images/status/SMBBruteforce/SMBBruteforce8.bmp,resources/images/status/SMBBruteforce/female_SMBBruteforce8.bmp
female_SMBBruteforce9.png,resources/images/status/SMBBruteforce/SMBBruteforce9.bmp,resources/images/status/SMBBruteforce/female_SMBBruteforce9.bmp
female_SSHBruteforce1.png,resources/images/status/SSHBruteforce/SSHBruteforce1.bmp,resources/images/status/SSHBruteforce/female_SSHBruteforce1.bmp
female_SSHBruteforce10.png,resources/images/status/SSHBruteforce/SSHBruteforce10.bmp,resources/images/status/SSHBruteforce/female_SSHBruteforce10.bmp
female_SSHBruteforce11.png,resources/images/status/SSHBruteforce/SSHBruteforce11.bmp,resources/images/status/SSHBruteforce/female_SSHBruteforce11.bmp
female_SSHBruteforce12.png,resources/images/status/SSHBruteforce/SSHBruteforce12.bmp,resources/images/status/SSHBruteforce/female_SSHBruteforce12.bmp
female_SSHBruteforce13.png,resources/images/status/SSHBruteforce/SSHBruteforce13.bmp,resources/images/status/SSHBruteforce/female_SSHBruteforce13.bmp
female_SSHBruteforce2.png,resources/images/status/SSHBruteforce/SSHBruteforce2.bmp,resources/images/status/SSHBruteforce/female_SSHBruteforce2.bmp
female_SSHBruteforce3.png,resources/images/status/SSHBruteforce/SSHBruteforce3.bmp,resources/images/status/SSHBruteforce/female_SSHBruteforce3.bmp
female_SSHBruteforce4.png,resources/images/status/SSHBruteforce/SSHBruteforce4.bmp,resources/images/status/SSHBruteforce/female_SSHBruteforce4.bmp
female_SSHBruteforce5.png,resources/images/status/SSHBruteforce/SSHBruteforce5.bmp,resources/images/status/SSHBruteforce/female_SSHBruteforce5.bmp
female_SSHBruteforce6.png,resources/images/status/SSHBruteforce/SSHBruteforce6.bmp,resources/images/status/SSHBruteforce/female_SSHBruteforce6.bmp
female_SSHBruteforce7.png,resources/images/status/SSHBruteforce/SSHBruteforce7.bmp,resources/images/status/SSHBruteforce/female_SSHBruteforce7.bmp
female_SSHBruteforce8.png,resources/images/status/SSHBruteforce/SSHBruteforce8.bmp,resources/images/status/SSHBruteforce/female_SSHBruteforce8.bmp
female_SSHBruteforce9.png,resources/images/status/SSHBruteforce/SSHBruteforce9.bmp,resources/images/status/SSHBruteforce/female_SSHBruteforce9.bmp
female_StealDataSQL1.png,resources/images/status/StealDataSQL/StealDataSQL1.bmp,resources/images/status/StealDataSQL/female_StealDataSQL1.bmp
female_StealDataSQL10.png,resources/images/status/StealDataSQL/StealDataSQL10.bmp,resources/images/status/StealDataSQL/female_StealDataSQL10.bmp
female_StealDataSQL11.png,resources/images/status/StealDataSQL/StealDataSQL11.bmp,resources/images/status/StealDataSQL/female_StealDataSQL11.bmp
female_StealDataSQL12.png,resources/images/status/StealDataSQL/StealDataSQL12.bmp,resources/images/status/StealDataSQL/female_StealDataSQL12.bmp
female_StealDataSQL13.png,resources/images/status/StealDataSQL/StealDataSQL13.bmp,resources/images/status/StealDataSQL/female_StealDataSQL13.bmp
female_StealDataSQL14.png,resources/images/status/StealDataSQL/StealDataSQL14.bmp,resources/images/status/StealDataSQL/female_StealDataSQL14.bmp
female_StealDataSQL2.png,resources/images/status/StealDataSQL/StealDataSQL2.bmp,resources/images/status/StealDataSQL/female_StealDataSQL2.bmp
female_StealDataSQL3.png,resources/images/status/StealDataSQL/StealDataSQL3.bmp,resources/images/status/StealDataSQL/female_StealDataSQL3.bmp
female_StealDataSQL5.png,resources/images/status/StealDataSQL/StealDataSQL5.bmp,resources/images/status/StealDataSQL/female_StealDataSQL5.bmp
female_StealDataSQL6.png,resources/images/status/StealDataSQL/StealDataSQL6.bmp,resources/images/status/StealDataSQL/female_StealDataSQL6.bmp
female_StealDataSQL7.png,resources/images/status/StealDataSQL/StealDataSQL7.bmp,resources/images/status/StealDataSQL/female_StealDataSQL7.bmp
female_StealDataSQL8.png,resources/images/status/StealDataSQL/StealDataSQL8.bmp,resources/images/status/StealDataSQL/female_StealDataSQL8.bmp
female_StealDataSQL9.png,resources/images/status/StealDataSQL/StealDataSQL9.bmp,resources/images/status/StealDataSQL/female_StealDataSQL9.bmp
female_StealFilesFTP1.png,resources/images/status/StealFilesFTP/StealFilesFTP1.bmp,resources/images/status/StealFilesFTP/female_StealFilesFTP1.bmp
female_StealFilesRDP1.png,resources/images/status/StealFilesRDP/StealFilesRDP1.bmp,resources/images/status/StealFilesRDP/female_StealFilesRDP1.bmp
female_StealFilesRDP2.png,resources/images/status/StealFilesRDP/StealFilesRDP2.bmp,resources/images/status/StealFilesRDP/female_StealFilesRDP2.bmp
female_StealFilesSMB1.png,resources/images/status/StealFilesSMB/StealFilesSMB1.bmp,resources/images/status/StealFilesSMB/female_StealFilesSMB1.bmp
female_StealFilesSSH1.png,resources/images/status/StealFilesSSH/StealFilesSSH1.bmp,resources/images/status/StealFilesSSH/female_StealFilesSSH1.bmp
female_StealFilesSSH10.png,resources/images/status/StealFilesSSH/StealFilesSSH10.bmp,resources/images/status/StealFilesSSH/female_StealFilesSSH10.bmp
female_StealFilesSSH11.png,resources/images/status/StealFilesSSH/StealFilesSSH11.bmp,resources/images/status/StealFilesSSH/female_StealFilesSSH11.bmp
female_StealFilesSSH12.png,resources/images/status/StealFilesSSH/StealFilesSSH12.bmp,resources/images/status/StealFilesSSH/female_StealFilesSSH12.bmp
female_StealFilesSSH13.png,resources/images/status/StealFilesSSH/StealFilesSSH13.bmp,resources/images/status/StealFilesSSH/female_StealFilesSSH13.bmp
female_StealFilesSSH2.png,resources/images/status/StealFilesSSH/StealFilesSSH2.bmp,resources/images/status/StealFilesSSH/female_StealFilesSSH2.bmp
female_StealFilesSSH3.png,resources/images/status/StealFilesSSH/StealFilesSSH3.bmp,resources/images/status/StealFilesSSH/female_StealFilesSSH3.bmp
female_StealFilesSSH4.png,resources/images/status/StealFilesSSH/StealFilesSSH4.bmp,resources/images/status/StealFilesSSH/female_StealFilesSSH4.bmp
female_StealFilesSSH5.png,resources/images/status/StealFilesSSH/StealFilesSSH5.bmp,resources/images/status/StealFilesSSH/female_StealFilesSSH5.bmp
female_StealFilesSSH6.png,resources/images/status/StealFilesSSH/StealFilesSSH6.bmp,resources/images/status/StealFilesSSH/female_StealFilesSSH6.bmp
female_StealFilesSSH7.png,resources/images/status/StealFilesSSH/StealFilesSSH7.bmp,resources/images/status/StealFilesSSH/female_StealFilesSSH7.bmp
female_StealFilesSSH8.png,resources/images/status/StealFilesSSH/StealFilesSSH8.bmp,resources/images/status/StealFilesSSH/female_StealFilesSSH8.bmp
female_StealFilesSSH9.png,resources/images/status/StealFilesSSH/StealFilesSSH9.bmp,resources/images/status/StealFilesSSH/female_StealFilesSSH9.bmp
female_StealFilesTelnet1.png,resources/images/status/StealFilesTelnet/StealFilesTelnet1.bmp,resources/images/status/StealFilesTelnet/female_StealFilesTelnet1.bmp
female_TelnetBruteforce1.png,resources/images/status/TelnetBruteforce/TelnetBruteforce1.bmp,resources/images/status/TelnetBruteforce/female_TelnetBruteforce1.bmp
